{
  "method": "isotonic",
  "x_thresholds": [
    0.056979772029472506,
    0.1628596179665348,
    0.16300034876350974,
    0.2376810407543175,
    0.2383196813130021,
    0.26266436171612223,
    0.26305791424980596,
    0.2805133685575505,
    0.28079375951836794,
    0.3028248612781903,
    0.30332959557121286,
    0.3199192439075614,
    0.3210088601028358,
    0.3914458071682368,
    0.39203742963767235,
    0.4443807613588882,
    0.44451839112161556,
    0.44865935779594396,
    0.449494090661581,
    0.5478509449754111,
    0.5485050958423691,
    0.5851684703763421,
    0.5855693871388861,
    0.5963307541061565,
    0.5964908341431959,
    0.6229965375225484,
    0.6235061986993302,
    0.681992451715625,
    0.6821614737870519,
    0.7543104627306779,
    0.7548841284346471,
    0.7914047179807798,
    0.7922872364714245,
    0.8775116121323114,
    0.8775360570693622,
    0.9312622973413154,
    0.9313363494322678,
    0.9637892904059203
  ],
  "y_thresholds": [
    0.0,
    0.0,
    0.13513513513513514,
    0.13513513513513514,
    0.15,
    0.15,
    0.16666666666666666,
    0.16666666666666666,
    0.18181818181818182,
    0.18181818181818182,
    0.35,
    0.35,
    0.3564356435643564,
    0.3564356435643564,
    0.4027777777777778,
    0.4027777777777778,
    0.4444444444444444,
    0.4444444444444444,
    0.49707602339181295,
    0.49707602339181295,
    0.5333333333333333,
    0.5333333333333333,
    0.5555555555555556,
    0.5555555555555556,
    0.6153846153846154,
    0.6153846153846154,
    0.6304347826086957,
    0.6304347826086957,
    0.7373737373737373,
    0.7373737373737373,
    0.75,
    0.75,
    0.8144329896907216,
    0.8144329896907216,
    0.9166666666666666,
    0.9166666666666666,
    1.0,
    1.0
  ],
  "n_thresholds": 38
}