{
  "method": "isotonic",
  "x_thresholds": [
    0.05752547198262802,
    0.15640577324170432,
    0.16236243544494838,
    0.27842289533195586,
    0.27861266921037187,
    0.29518165946983055,
    0.2995462829382747,
    0.3174881794457049,
    0.318974248556165,
    0.4291948606490421,
    0.42988669425764814,
    0.4592160577735754,
    0.45963195579369054,
    0.47303369644817456,
    0.4732276987008268,
    0.5683057727517513,
    0.5692027496483134,
    0.6028381592377505,
    0.6032067471517902,
    0.6073530292262752,
    0.6082880846798804,
    0.6716932054980486,
    0.6719147775717003,
    0.6844722953515827,
    0.6849521354844118,
    0.7291043864593022,
    0.7298798566387054,
    0.7534648065284965,
    0.7539372822635172,
    0.7587039551102481,
    0.75919411504587,
    0.7982886629554168,
    0.7989748954856492,
    0.8833684327817437,
    0.8841782984336138,
    0.9299662690181817,
    0.9305160959791062,
    0.9633545108798195
  ],
  "y_thresholds": [
    0.0,
    0.0,
    0.12857142857142856,
    0.12857142857142856,
    0.25,
    0.25,
    0.2692307692307692,
    0.2692307692307692,
    0.375,
    0.375,
    0.48,
    0.48,
    0.4827586206896552,
    0.4827586206896552,
    0.5030303030303028,
    0.5030303030303028,
    0.5161290322580644,
    0.5161290322580644,
    0.6363636363636364,
    0.6363636363636364,
    0.6448598130841121,
    0.6448598130841121,
    0.6818181818181818,
    0.6818181818181818,
    0.72,
    0.72,
    0.7222222222222222,
    0.7222222222222222,
    0.75,
    0.75,
    0.7755102040816326,
    0.7755102040816326,
    0.8315789473684211,
    0.8315789473684211,
    0.8888888888888888,
    0.8888888888888888,
    1.0,
    1.0
  ],
  "n_thresholds": 38
}