{
  "_intercept": 0.24254645834172447,
  "elo_diff": 0.5652230288022586,
  "net_rtg_diff": 0.2605232776731041,
  "off_rtg_diff": 0.5603508006720855,
  "def_rtg_diff": 0.14879570321872823,
  "pace_diff": 0.002450944191586152,
  "pythagorean_diff": -0.04250095742994322,
  "log5_prob": 0.0499102010988909,
  "efg_pct_diff": -0.15298428130364555,
  "tov_pct_diff": 0.2224877945773433,
  "oreb_pct_diff": -0.45841287186238805,
  "ft_rate_diff": -0.04886862520387675,
  "three_pt_rate_diff": -0.010195496797486256,
  "three_pt_pct_diff": -0.03150093462639842,
  "ts_pct_diff": -0.5090326908459774,
  "ast_pct_diff": -0.008455036876341387,
  "stl_pct_diff": 0.0027112959353115286,
  "blk_pct_diff": -0.005076599863588089,
  "team_10d_net_rtg_diff": 0.1138303082131438,
  "team_10d_off_rtg_diff": 0.12875984691056955,
  "momentum_diff": -0.11716120216092585,
  "rest_days_diff": 0.02414910151551279,
  "b2b_home": -0.08565409738039682,
  "b2b_away": 0.13210662458686168,
  "altitude_factor": 0.06325059102631583,
  "lineup_net_rtg_diff": 0.2598803585805337,
  "vegas_home_prob": 0.0,
  "mc_win_pct": -0.2752477348674896
}