{
  "_intercept": 0.24290869108964633,
  "elo_diff": 0.5728112526225861,
  "net_rtg_diff": 0.36211530446827395,
  "off_rtg_diff": 0.6199658142914836,
  "def_rtg_diff": 0.07603613756554226,
  "pace_diff": 0.0026088391417215567,
  "pythagorean_diff": -0.04427155687051645,
  "log5_prob": 0.04701564265394095,
  "efg_pct_diff": -0.15633054126945223,
  "tov_pct_diff": 0.22244395090522362,
  "oreb_pct_diff": -0.4585129856078424,
  "ft_rate_diff": -0.049909844561362875,
  "three_pt_rate_diff": -0.010386208892778342,
  "three_pt_pct_diff": -0.032177336856190064,
  "ts_pct_diff": -0.5037111395798417,
  "ast_pct_diff": -0.00910513934942318,
  "stl_pct_diff": 0.0035424295627964042,
  "blk_pct_diff": -0.0045132067592927785,
  "team_10d_net_rtg_diff": 0.20656584321255134,
  "team_10d_off_rtg_diff": 0.126259899860923,
  "momentum_diff": -0.08878651303257441,
  "lineup_net_rtg_diff": -0.08909077520821422,
  "rest_days_diff": 0.026891425768500232,
  "b2b_home": -0.084409248440535,
  "b2b_away": 0.1313850148582886,
  "altitude_factor": 0.06515504941229566,
  "travel_tz_shift_away": -0.05012782710681056,
  "h2h_season_record": -0.026393861785064556,
  "mc_win_pct": -0.26517056255066834
}