{
  "intercept": 0.24687950548445525,
  "coefficients": [
    0.6250031788278299,
    0.06536723017905119,
    0.08851896966551215,
    -0.0017978264592350265,
    0.008036653468105307,
    0.13217369408388194,
    0.02951774772456399,
    0.10915514395528217,
    0.0,
    0.031882179819799135,
    -0.01844649268689067,
    -0.03647618811916786
  ],
  "feature_names": [
    "elo_diff",
    "net_rtg_diff",
    "win_pct_diff",
    "ppg_diff",
    "papg_diff",
    "off_rtg_diff",
    "def_rtg_diff",
    "rest_days_diff",
    "is_home",
    "series_game_num",
    "series_deficit",
    "is_elimination_game"
  ]
}