{
  "mean": [
    -0.7610133535533434,
    -0.07483713859174541,
    0.0006086683692606755,
    0.00963713738450488,
    -0.01251671315892221,
    -0.030698479181697307,
    0.044139909476410194,
    -0.00020272384411230613,
    0.00012464031289286217,
    6.804022908227396e-05,
    -0.0001920659309959491,
    -0.04176700656516274,
    -0.020880220701215264,
    0.10392512920798994,
    1.0,
    0.14247799972063138,
    0.18480234669646597,
    0.046095823439027794,
    0.9871490431624529,
    0.44859617264981144,
    0.23830143874842855,
    -0.013130325464450343,
    0.018857382315965916
  ],
  "scale": [
    197.04286005514052,
    7.213723014963145,
    0.031219520501812585,
    1.229980749727248,
    1.1919136725809774,
    4.927218999700963,
    6.091667332668655,
    0.026300988624725567,
    0.015001192360528407,
    0.0333016047738642,
    0.025303667301400587,
    6.271124467849854,
    3.1355656534634497,
    0.9717823330875793,
    1.0,
    0.3495397249473071,
    0.38813713987706094,
    0.2588801078105842,
    0.9971896332612706,
    0.3493331597901074,
    0.9801392571833243,
    0.33066614023702445,
    0.1360212536633721
  ],
  "feature_names": [
    "elo_diff",
    "net_rtg_diff",
    "win_pct_diff",
    "ppg_diff",
    "papg_diff",
    "off_rtg_diff",
    "def_rtg_diff",
    "efg_pct_diff",
    "tov_pct_diff",
    "oreb_pct_diff",
    "ts_pct_diff",
    "momentum_diff",
    "lineup_net_rtg_diff",
    "rest_days_diff",
    "is_home",
    "b2b_home",
    "b2b_away",
    "altitude_factor",
    "travel_tz_shift_away",
    "h2h_season_record",
    "series_game_num",
    "series_deficit",
    "is_elimination_game"
  ]
}