{
  "intercept": 0.2470562246580138,
  "coefficients": [
    0.578240146479122,
    0.1804206071437064,
    0.08063361443027377,
    -0.030409127596081595,
    0.020803719374924326,
    0.32254540267424764,
    0.047380035307687716,
    -0.05031371588615921,
    0.06801633637243398,
    -0.2197286907711481,
    -0.23046793416025085,
    -0.009953277353045836,
    -0.010018125705473072,
    0.028929635597825534,
    0.0,
    -0.08096260936375584,
    0.1285008126522671,
    0.06248560917598784,
    -0.05152569705540559,
    -0.028947020394899502,
    0.015812319981795653,
    -0.018804945914684373,
    -0.033587342340917425
  ],
  "feature_names": [
    "elo_diff",
    "net_rtg_diff",
    "win_pct_diff",
    "ppg_diff",
    "papg_diff",
    "off_rtg_diff",
    "def_rtg_diff",
    "efg_pct_diff",
    "tov_pct_diff",
    "oreb_pct_diff",
    "ts_pct_diff",
    "momentum_diff",
    "lineup_net_rtg_diff",
    "rest_days_diff",
    "is_home",
    "b2b_home",
    "b2b_away",
    "altitude_factor",
    "travel_tz_shift_away",
    "h2h_season_record",
    "series_game_num",
    "series_deficit",
    "is_elimination_game"
  ]
}