{
  "mean": [
    -0.7610133535533431,
    -0.07483713859174541,
    0.0006086683692606755,
    0.00963713738450488,
    -0.01251671315892221,
    -0.030698479181697328,
    0.0441399094764102,
    0.10392512920798994,
    1.0,
    0.23830143874842855,
    -0.013130325464450343,
    0.018857382315965916
  ],
  "scale": [
    197.04286005514052,
    7.213723014963145,
    0.031219520501812585,
    1.229980749727248,
    1.1919136725809774,
    4.927218999700963,
    6.091667332668655,
    0.9717823330875793,
    1.0,
    0.9801392571833243,
    0.33066614023702445,
    0.1360212536633721
  ],
  "feature_names": [
    "elo_diff",
    "net_rtg_diff",
    "win_pct_diff",
    "ppg_diff",
    "papg_diff",
    "off_rtg_diff",
    "def_rtg_diff",
    "rest_days_diff",
    "is_home",
    "series_game_num",
    "series_deficit",
    "is_elimination_game"
  ]
}