{
  "feature_names": [
    "elo_diff",
    "net_rtg_diff",
    "off_rtg_diff",
    "def_rtg_diff",
    "pace_diff",
    "pythagorean_diff",
    "log5_prob",
    "efg_pct_diff",
    "tov_pct_diff",
    "oreb_pct_diff",
    "ft_rate_diff",
    "three_pt_rate_diff",
    "three_pt_pct_diff",
    "ts_pct_diff",
    "ast_pct_diff",
    "stl_pct_diff",
    "blk_pct_diff",
    "team_10d_net_rtg_diff",
    "team_10d_off_rtg_diff",
    "momentum_diff",
    "lineup_net_rtg_diff",
    "rest_days_diff",
    "b2b_home",
    "b2b_away",
    "altitude_factor",
    "travel_tz_shift_away",
    "h2h_season_record",
    "mc_win_pct"
  ],
  "mean": [
    -1.071648384673178,
    -0.10556739293764086,
    -0.05143726521412471,
    0.05413163035311797,
    -0.007911344853493619,
    -0.0003954921111945906,
    0.49685908339594287,
    -0.00021807663410969186,
    0.00013407963936889556,
    7.319308790383187e-05,
    2.399699474079632e-05,
    0.0004824793388429753,
    -0.00016351615326821943,
    -0.00020661157024793388,
    -0.00021995492111194598,
    -0.014097761081893317,
    -0.018160856498873026,
    -0.15049045830202853,
    -0.13228159278737792,
    -0.04493012772351614,
    -0.022461532682193846,
    0.10638617580766341,
    0.15326821938392185,
    0.1987978963185575,
    0.049586776859504134,
    1.06190833959429,
    0.4825694966190834,
    0.5535354320060105
  ],
  "scale": [
    203.43496088695514,
    7.2903808222659086,
    4.998291461501464,
    6.082857541038321,
    2.883125694719923,
    0.023646606060411902,
    0.2034006340467992,
    0.02727867349883211,
    0.015558825001350788,
    0.03453959532226496,
    0.03390053617229877,
    0.058725340496180375,
    0.025244494729704508,
    0.026244280602184686,
    0.0538049932885214,
    1.1923959330522413,
    1.0527034194412253,
    9.97497767995367,
    6.907579616139981,
    6.504244261514934,
    3.252125679141334,
    0.9773296994754691,
    0.36024584981759866,
    0.39909559348340784,
    0.26818149982789996,
    0.9951417497229457,
    0.33894112242737967,
    0.19049073918900702
  ]
}