{
  "feature_names": [
    "elo_diff",
    "net_rtg_diff",
    "off_rtg_diff",
    "def_rtg_diff",
    "pace_diff",
    "pythagorean_diff",
    "log5_prob",
    "efg_pct_diff",
    "tov_pct_diff",
    "oreb_pct_diff",
    "ft_rate_diff",
    "three_pt_rate_diff",
    "three_pt_pct_diff",
    "ts_pct_diff",
    "ast_pct_diff",
    "stl_pct_diff",
    "blk_pct_diff",
    "team_10d_net_rtg_diff",
    "team_10d_off_rtg_diff",
    "momentum_diff",
    "rest_days_diff",
    "b2b_home",
    "b2b_away",
    "altitude_factor",
    "lineup_net_rtg_diff",
    "vegas_home_prob",
    "mc_win_pct"
  ],
  "mean": [
    -1.0716483846731777,
    -0.10556739293764086,
    -0.05143726521412471,
    0.054131630353117965,
    -0.007911344853493605,
    -0.00039549211119459054,
    0.49685908339594287,
    -0.00021807663410969172,
    0.00013407963936889558,
    7.319308790383172e-05,
    2.399699474079642e-05,
    0.0004824793388429753,
    -0.00016351615326821932,
    -0.00020661157024793385,
    -0.00021995492111194604,
    -0.01409776108189331,
    -0.01816085649887303,
    -0.1504904583020285,
    -0.13228159278737792,
    -0.04493012772351614,
    0.10638617580766341,
    0.15326821938392185,
    0.1987978963185575,
    0.049586776859504134,
    -0.05278602554470324,
    0.0,
    0.5535354320060105
  ],
  "scale": [
    203.43496088695514,
    7.2903808222659086,
    4.998291461501464,
    6.082857541038321,
    2.883125694719923,
    0.023646606060411902,
    0.2034006340467992,
    0.02727867349883211,
    0.015558825001350788,
    0.03453959532226496,
    0.03390053617229877,
    0.058725340496180375,
    0.025244494729704508,
    0.026244280602184686,
    0.0538049932885214,
    1.1923959330522413,
    1.0527034194412253,
    9.97497767995367,
    6.907579616139981,
    6.504244261514934,
    0.9773296994754691,
    0.3602458498175987,
    0.39909559348340784,
    0.26818149982789996,
    3.6451869845402327,
    1.0,
    0.19049073918900702
  ]
}